tiff_file,mask_file
/home/mary-camila/Downloads/flaresat-full/dataset/fire_patches/LC08_L1TP_134039_20200901_20200901_01_RT_p00053.tiff,/home/mary-camila/Downloads/flaresat-full/dataset/fire_mask_patches/LC08_L1TP_134039_20200901_20200901_01_RT_p00053.tiff
/home/mary-camila/Downloads/flaresat-full/dataset/fire_patches/LC08_L1TP_189046_20200918_20200918_01_RT_p00678.tiff,/home/mary-camila/Downloads/flaresat-full/dataset/fire_mask_patches/LC08_L1TP_189046_20200918_20200918_01_RT_p00678.tiff
/home/mary-camila/Downloads/flaresat-full/dataset/fire_patches/LC08_L1TP_003006_20200911_20200911_01_RT_p00948.tiff,/home/mary-camila/Downloads/flaresat-full/dataset/fire_mask_patches/LC08_L1TP_003006_20200911_20200911_01_RT_p00948.tiff
/home/mary-camila/Downloads/flaresat-full/dataset/fire_patches/LC08_L1TP_175074_20200916_20200916_01_RT_p00137.tiff,/home/mary-camila/Downloads/flaresat-full/dataset/fire_mask_patches/LC08_L1TP_175074_20200916_20200916_01_RT_p00137.tiff
/home/mary-camila/Downloads/flaresat-full/dataset/fire_patches/LC08_L1TP_025033_20200921_20200921_01_RT_p00677.tiff,/home/mary-camila/Downloads/flaresat-full/dataset/fire_mask_patches/LC08_L1TP_025033_20200921_20200921_01_RT_p00677.tiff
/home/mary-camila/Downloads/flaresat-full/dataset/fire_patches/LC08_L1TP_025033_20200921_20200921_01_RT_p00741.tiff,/home/mary-camila/Downloads/flaresat-full/dataset/fire_mask_patches/LC08_L1TP_025033_20200921_20200921_01_RT_p00741.tiff
/home/mary-camila/Downloads/flaresat-full/dataset/fire_patches/LC08_L1TP_025033_20200921_20200921_01_RT_p00461.tiff,/home/mary-camila/Downloads/flaresat-full/dataset/fire_mask_patches/LC08_L1TP_025033_20200921_20200921_01_RT_p00461.tiff
/home/mary-camila/Downloads/flaresat-full/dataset/fire_patches/LC08_L1TP_117016_20200926_20200926_01_RT_p00145.tiff,/home/mary-camila/Downloads/flaresat-full/dataset/fire_mask_patches/LC08_L1TP_117016_20200926_20200926_01_RT_p00145.tiff
/home/mary-camila/Downloads/flaresat-full/dataset/fire_patches/LC08_L1TP_117016_20200926_20200926_01_RT_p00240.tiff,/home/mary-camila/Downloads/flaresat-full/dataset/fire_mask_patches/LC08_L1TP_117016_20200926_20200926_01_RT_p00240.tiff
/home/mary-camila/Downloads/flaresat-full/dataset/fire_patches/LC08_L1TP_175074_20200916_20200916_01_RT_p00107.tiff,/home/mary-camila/Downloads/flaresat-full/dataset/fire_mask_patches/LC08_L1TP_175074_20200916_20200916_01_RT_p00107.tiff
/home/mary-camila/Downloads/flaresat-full/dataset/fire_patches/LC08_L1TP_134039_20200901_20200901_01_RT_p00175.tiff,/home/mary-camila/Downloads/flaresat-full/dataset/fire_mask_patches/LC08_L1TP_134039_20200901_20200901_01_RT_p00175.tiff
/home/mary-camila/Downloads/flaresat-full/dataset/fire_patches/LC08_L1TP_025033_20200921_20200921_01_RT_p00733.tiff,/home/mary-camila/Downloads/flaresat-full/dataset/fire_mask_patches/LC08_L1TP_025033_20200921_20200921_01_RT_p00733.tiff
/home/mary-camila/Downloads/flaresat-full/dataset/fire_patches/LC08_L1TP_134039_20200901_20200901_01_RT_p00570.tiff,/home/mary-camila/Downloads/flaresat-full/dataset/fire_mask_patches/LC08_L1TP_134039_20200901_20200901_01_RT_p00570.tiff
/home/mary-camila/Downloads/flaresat-full/dataset/fire_patches/LC08_L1TP_134039_20200901_20200901_01_RT_p00344.tiff,/home/mary-camila/Downloads/flaresat-full/dataset/fire_mask_patches/LC08_L1TP_134039_20200901_20200901_01_RT_p00344.tiff
/home/mary-camila/Downloads/flaresat-full/dataset/fire_patches/LC08_L1TP_003006_20200911_20200911_01_RT_p00914.tiff,/home/mary-camila/Downloads/flaresat-full/dataset/fire_mask_patches/LC08_L1TP_003006_20200911_20200911_01_RT_p00914.tiff
/home/mary-camila/Downloads/flaresat-full/dataset/fire_patches/LC08_L1TP_003006_20200911_20200911_01_RT_p00913.tiff,/home/mary-camila/Downloads/flaresat-full/dataset/fire_mask_patches/LC08_L1TP_003006_20200911_20200911_01_RT_p00913.tiff
/home/mary-camila/Downloads/flaresat-full/dataset/fire_patches/LC08_L1TP_134039_20200901_20200901_01_RT_p00755.tiff,/home/mary-camila/Downloads/flaresat-full/dataset/fire_mask_patches/LC08_L1TP_134039_20200901_20200901_01_RT_p00755.tiff
/home/mary-camila/Downloads/flaresat-full/dataset/fire_patches/LC08_L1TP_117016_20200926_20200926_01_RT_p00214.tiff,/home/mary-camila/Downloads/flaresat-full/dataset/fire_mask_patches/LC08_L1TP_117016_20200926_20200926_01_RT_p00214.tiff
/home/mary-camila/Downloads/flaresat-full/dataset/fire_patches/LC08_L1TP_189046_20200918_20200918_01_RT_p00518.tiff,/home/mary-camila/Downloads/flaresat-full/dataset/fire_mask_patches/LC08_L1TP_189046_20200918_20200918_01_RT_p00518.tiff
/home/mary-camila/Downloads/flaresat-full/dataset/fire_patches/LC08_L1TP_046031_20200908_20200908_01_RT_p00616.tiff,/home/mary-camila/Downloads/flaresat-full/dataset/fire_mask_patches/LC08_L1TP_046031_20200908_20200908_01_RT_p00616.tiff
/home/mary-camila/Downloads/flaresat-full/dataset/fire_patches/LC08_L1TP_025033_20200921_20200921_01_RT_p00410.tiff,/home/mary-camila/Downloads/flaresat-full/dataset/fire_mask_patches/LC08_L1TP_025033_20200921_20200921_01_RT_p00410.tiff
/home/mary-camila/Downloads/flaresat-full/dataset/fire_patches/LC08_L1TP_189046_20200918_20200918_01_RT_p00610.tiff,/home/mary-camila/Downloads/flaresat-full/dataset/fire_mask_patches/LC08_L1TP_189046_20200918_20200918_01_RT_p00610.tiff
/home/mary-camila/Downloads/flaresat-full/dataset/fire_patches/LC08_L1TP_025033_20200921_20200921_01_RT_p00851.tiff,/home/mary-camila/Downloads/flaresat-full/dataset/fire_mask_patches/LC08_L1TP_025033_20200921_20200921_01_RT_p00851.tiff
/home/mary-camila/Downloads/flaresat-full/dataset/fire_patches/LC08_L1TP_189046_20200918_20200918_01_RT_p00679.tiff,/home/mary-camila/Downloads/flaresat-full/dataset/fire_mask_patches/LC08_L1TP_189046_20200918_20200918_01_RT_p00679.tiff
/home/mary-camila/Downloads/flaresat-full/dataset/fire_patches/LC08_L1TP_025033_20200921_20200921_01_RT_p00605.tiff,/home/mary-camila/Downloads/flaresat-full/dataset/fire_mask_patches/LC08_L1TP_025033_20200921_20200921_01_RT_p00605.tiff
/home/mary-camila/Downloads/flaresat-full/dataset/fire_patches/LC08_L1TP_189046_20200918_20200918_01_RT_p00392.tiff,/home/mary-camila/Downloads/flaresat-full/dataset/fire_mask_patches/LC08_L1TP_189046_20200918_20200918_01_RT_p00392.tiff
/home/mary-camila/Downloads/flaresat-full/dataset/fire_patches/LC08_L1TP_189046_20200918_20200918_01_RT_p00205.tiff,/home/mary-camila/Downloads/flaresat-full/dataset/fire_mask_patches/LC08_L1TP_189046_20200918_20200918_01_RT_p00205.tiff
/home/mary-camila/Downloads/flaresat-full/dataset/fire_patches/LC08_L1TP_025033_20200921_20200921_01_RT_p00641.tiff,/home/mary-camila/Downloads/flaresat-full/dataset/fire_mask_patches/LC08_L1TP_025033_20200921_20200921_01_RT_p00641.tiff
/home/mary-camila/Downloads/flaresat-full/dataset/fire_patches/LC08_L1TP_189046_20200918_20200918_01_RT_p00641.tiff,/home/mary-camila/Downloads/flaresat-full/dataset/fire_mask_patches/LC08_L1TP_189046_20200918_20200918_01_RT_p00641.tiff
/home/mary-camila/Downloads/flaresat-full/dataset/fire_patches/LC08_L1TP_189046_20200918_20200918_01_RT_p00876.tiff,/home/mary-camila/Downloads/flaresat-full/dataset/fire_mask_patches/LC08_L1TP_189046_20200918_20200918_01_RT_p00876.tiff
/home/mary-camila/Downloads/flaresat-full/dataset/fire_patches/LC08_L1TP_117016_20200926_20200926_01_RT_p00114.tiff,/home/mary-camila/Downloads/flaresat-full/dataset/fire_mask_patches/LC08_L1TP_117016_20200926_20200926_01_RT_p00114.tiff
/home/mary-camila/Downloads/flaresat-full/dataset/fire_patches/LC08_L1TP_025033_20200921_20200921_01_RT_p00225.tiff,/home/mary-camila/Downloads/flaresat-full/dataset/fire_mask_patches/LC08_L1TP_025033_20200921_20200921_01_RT_p00225.tiff
/home/mary-camila/Downloads/flaresat-full/dataset/fire_patches/LC08_L1TP_046031_20200908_20200908_01_RT_p00878.tiff,/home/mary-camila/Downloads/flaresat-full/dataset/fire_mask_patches/LC08_L1TP_046031_20200908_20200908_01_RT_p00878.tiff
/home/mary-camila/Downloads/flaresat-full/dataset/fire_patches/LC08_L1TP_189046_20200918_20200918_01_RT_p00698.tiff,/home/mary-camila/Downloads/flaresat-full/dataset/fire_mask_patches/LC08_L1TP_189046_20200918_20200918_01_RT_p00698.tiff
/home/mary-camila/Downloads/flaresat-full/dataset/fire_patches/LC08_L1TP_046031_20200908_20200908_01_RT_p00643.tiff,/home/mary-camila/Downloads/flaresat-full/dataset/fire_mask_patches/LC08_L1TP_046031_20200908_20200908_01_RT_p00643.tiff
/home/mary-camila/Downloads/flaresat-full/dataset/fire_patches/LC08_L1TP_046031_20200908_20200908_01_RT_p00780.tiff,/home/mary-camila/Downloads/flaresat-full/dataset/fire_mask_patches/LC08_L1TP_046031_20200908_20200908_01_RT_p00780.tiff
/home/mary-camila/Downloads/flaresat-full/dataset/fire_patches/LC08_L1TP_046031_20200908_20200908_01_RT_p00604.tiff,/home/mary-camila/Downloads/flaresat-full/dataset/fire_mask_patches/LC08_L1TP_046031_20200908_20200908_01_RT_p00604.tiff
/home/mary-camila/Downloads/flaresat-full/dataset/fire_patches/LC08_L1TP_189046_20200918_20200918_01_RT_p00357.tiff,/home/mary-camila/Downloads/flaresat-full/dataset/fire_mask_patches/LC08_L1TP_189046_20200918_20200918_01_RT_p00357.tiff
/home/mary-camila/Downloads/flaresat-full/dataset/fire_patches/LC08_L1TP_134039_20200901_20200901_01_RT_p00593.tiff,/home/mary-camila/Downloads/flaresat-full/dataset/fire_mask_patches/LC08_L1TP_134039_20200901_20200901_01_RT_p00593.tiff
/home/mary-camila/Downloads/flaresat-full/dataset/fire_patches/LC08_L1TP_046031_20200908_20200908_01_RT_p00584.tiff,/home/mary-camila/Downloads/flaresat-full/dataset/fire_mask_patches/LC08_L1TP_046031_20200908_20200908_01_RT_p00584.tiff
/home/mary-camila/Downloads/flaresat-full/dataset/fire_patches/LC08_L1TP_117016_20200926_20200926_01_RT_p00506.tiff,/home/mary-camila/Downloads/flaresat-full/dataset/fire_mask_patches/LC08_L1TP_117016_20200926_20200926_01_RT_p00506.tiff
/home/mary-camila/Downloads/flaresat-full/dataset/fire_patches/LC08_L1TP_025033_20200921_20200921_01_RT_p00822.tiff,/home/mary-camila/Downloads/flaresat-full/dataset/fire_mask_patches/LC08_L1TP_025033_20200921_20200921_01_RT_p00822.tiff
/home/mary-camila/Downloads/flaresat-full/dataset/fire_patches/LC08_L1TP_189046_20200918_20200918_01_RT_p00427.tiff,/home/mary-camila/Downloads/flaresat-full/dataset/fire_mask_patches/LC08_L1TP_189046_20200918_20200918_01_RT_p00427.tiff
/home/mary-camila/Downloads/flaresat-full/dataset/fire_patches/LC08_L1TP_003006_20200911_20200911_01_RT_p00947.tiff,/home/mary-camila/Downloads/flaresat-full/dataset/fire_mask_patches/LC08_L1TP_003006_20200911_20200911_01_RT_p00947.tiff
/home/mary-camila/Downloads/flaresat-full/dataset/fire_patches/LC08_L1TP_025033_20200921_20200921_01_RT_p00879.tiff,/home/mary-camila/Downloads/flaresat-full/dataset/fire_mask_patches/LC08_L1TP_025033_20200921_20200921_01_RT_p00879.tiff
/home/mary-camila/Downloads/flaresat-full/dataset/fire_patches/LC08_L1TP_003006_20200911_20200911_01_RT_p01020.tiff,/home/mary-camila/Downloads/flaresat-full/dataset/fire_mask_patches/LC08_L1TP_003006_20200911_20200911_01_RT_p01020.tiff
/home/mary-camila/Downloads/flaresat-full/dataset/fire_patches/LC08_L1TP_175074_20200916_20200916_01_RT_p00140.tiff,/home/mary-camila/Downloads/flaresat-full/dataset/fire_mask_patches/LC08_L1TP_175074_20200916_20200916_01_RT_p00140.tiff
/home/mary-camila/Downloads/flaresat-full/dataset/fire_patches/LC08_L1TP_117016_20200926_20200926_01_RT_p00190.tiff,/home/mary-camila/Downloads/flaresat-full/dataset/fire_mask_patches/LC08_L1TP_117016_20200926_20200926_01_RT_p00190.tiff
/home/mary-camila/Downloads/flaresat-full/dataset/fire_patches/LC08_L1TP_046031_20200908_20200908_01_RT_p00614.tiff,/home/mary-camila/Downloads/flaresat-full/dataset/fire_mask_patches/LC08_L1TP_046031_20200908_20200908_01_RT_p00614.tiff
/home/mary-camila/Downloads/flaresat-full/dataset/fire_patches/LC08_L1TP_025033_20200921_20200921_01_RT_p00170.tiff,/home/mary-camila/Downloads/flaresat-full/dataset/fire_mask_patches/LC08_L1TP_025033_20200921_20200921_01_RT_p00170.tiff
/home/mary-camila/Downloads/flaresat-full/dataset/fire_patches/LC08_L1TP_189046_20200918_20200918_01_RT_p00390.tiff,/home/mary-camila/Downloads/flaresat-full/dataset/fire_mask_patches/LC08_L1TP_189046_20200918_20200918_01_RT_p00390.tiff
/home/mary-camila/Downloads/flaresat-full/dataset/fire_patches/LC08_L1TP_025033_20200921_20200921_01_RT_p00454.tiff,/home/mary-camila/Downloads/flaresat-full/dataset/fire_mask_patches/LC08_L1TP_025033_20200921_20200921_01_RT_p00454.tiff
/home/mary-camila/Downloads/flaresat-full/dataset/fire_patches/LC08_L1TP_175074_20200916_20200916_01_RT_p00078.tiff,/home/mary-camila/Downloads/flaresat-full/dataset/fire_mask_patches/LC08_L1TP_175074_20200916_20200916_01_RT_p00078.tiff
/home/mary-camila/Downloads/flaresat-full/dataset/fire_patches/LC08_L1TP_046031_20200908_20200908_01_RT_p00782.tiff,/home/mary-camila/Downloads/flaresat-full/dataset/fire_mask_patches/LC08_L1TP_046031_20200908_20200908_01_RT_p00782.tiff
/home/mary-camila/Downloads/flaresat-full/dataset/fire_patches/LC08_L1TP_046031_20200908_20200908_01_RT_p00793.tiff,/home/mary-camila/Downloads/flaresat-full/dataset/fire_mask_patches/LC08_L1TP_046031_20200908_20200908_01_RT_p00793.tiff
/home/mary-camila/Downloads/flaresat-full/dataset/fire_patches/LC08_L1TP_046031_20200908_20200908_01_RT_p00682.tiff,/home/mary-camila/Downloads/flaresat-full/dataset/fire_mask_patches/LC08_L1TP_046031_20200908_20200908_01_RT_p00682.tiff
/home/mary-camila/Downloads/flaresat-full/dataset/fire_patches/LC08_L1TP_025033_20200921_20200921_01_RT_p00480.tiff,/home/mary-camila/Downloads/flaresat-full/dataset/fire_mask_patches/LC08_L1TP_025033_20200921_20200921_01_RT_p00480.tiff
/home/mary-camila/Downloads/flaresat-full/dataset/fire_patches/LC08_L1TP_134039_20200901_20200901_01_RT_p00786.tiff,/home/mary-camila/Downloads/flaresat-full/dataset/fire_mask_patches/LC08_L1TP_134039_20200901_20200901_01_RT_p00786.tiff
/home/mary-camila/Downloads/flaresat-full/dataset/fire_patches/LC08_L1TP_046031_20200908_20200908_01_RT_p00828.tiff,/home/mary-camila/Downloads/flaresat-full/dataset/fire_mask_patches/LC08_L1TP_046031_20200908_20200908_01_RT_p00828.tiff
/home/mary-camila/Downloads/flaresat-full/dataset/fire_patches/LC08_L1TP_025033_20200921_20200921_01_RT_p00656.tiff,/home/mary-camila/Downloads/flaresat-full/dataset/fire_mask_patches/LC08_L1TP_025033_20200921_20200921_01_RT_p00656.tiff
/home/mary-camila/Downloads/flaresat-full/dataset/fire_patches/LC08_L1TP_025033_20200921_20200921_01_RT_p00338.tiff,/home/mary-camila/Downloads/flaresat-full/dataset/fire_mask_patches/LC08_L1TP_025033_20200921_20200921_01_RT_p00338.tiff
/home/mary-camila/Downloads/flaresat-full/dataset/fire_patches/LC08_L1TP_025033_20200921_20200921_01_RT_p00519.tiff,/home/mary-camila/Downloads/flaresat-full/dataset/fire_mask_patches/LC08_L1TP_025033_20200921_20200921_01_RT_p00519.tiff
/home/mary-camila/Downloads/flaresat-full/dataset/fire_patches/LC08_L1TP_003006_20200911_20200911_01_RT_p01024.tiff,/home/mary-camila/Downloads/flaresat-full/dataset/fire_mask_patches/LC08_L1TP_003006_20200911_20200911_01_RT_p01024.tiff
/home/mary-camila/Downloads/flaresat-full/dataset/fire_patches/LC08_L1TP_046031_20200908_20200908_01_RT_p00814.tiff,/home/mary-camila/Downloads/flaresat-full/dataset/fire_mask_patches/LC08_L1TP_046031_20200908_20200908_01_RT_p00814.tiff
/home/mary-camila/Downloads/flaresat-full/dataset/fire_patches/LC08_L1TP_025033_20200921_20200921_01_RT_p00674.tiff,/home/mary-camila/Downloads/flaresat-full/dataset/fire_mask_patches/LC08_L1TP_025033_20200921_20200921_01_RT_p00674.tiff
/home/mary-camila/Downloads/flaresat-full/dataset/fire_patches/LC08_L1TP_003006_20200911_20200911_01_RT_p00909.tiff,/home/mary-camila/Downloads/flaresat-full/dataset/fire_mask_patches/LC08_L1TP_003006_20200911_20200911_01_RT_p00909.tiff
/home/mary-camila/Downloads/flaresat-full/dataset/fire_patches/LC08_L1TP_117016_20200926_20200926_01_RT_p00586.tiff,/home/mary-camila/Downloads/flaresat-full/dataset/fire_mask_patches/LC08_L1TP_117016_20200926_20200926_01_RT_p00586.tiff
/home/mary-camila/Downloads/flaresat-full/dataset/fire_patches/LC08_L1TP_134039_20200901_20200901_01_RT_p00453.tiff,/home/mary-camila/Downloads/flaresat-full/dataset/fire_mask_patches/LC08_L1TP_134039_20200901_20200901_01_RT_p00453.tiff
/home/mary-camila/Downloads/flaresat-full/dataset/fire_patches/LC08_L1TP_134039_20200901_20200901_01_RT_p00423.tiff,/home/mary-camila/Downloads/flaresat-full/dataset/fire_mask_patches/LC08_L1TP_134039_20200901_20200901_01_RT_p00423.tiff
/home/mary-camila/Downloads/flaresat-full/dataset/fire_patches/LC08_L1TP_025033_20200921_20200921_01_RT_p00422.tiff,/home/mary-camila/Downloads/flaresat-full/dataset/fire_mask_patches/LC08_L1TP_025033_20200921_20200921_01_RT_p00422.tiff
/home/mary-camila/Downloads/flaresat-full/dataset/fire_patches/LC08_L1TP_025033_20200921_20200921_01_RT_p00479.tiff,/home/mary-camila/Downloads/flaresat-full/dataset/fire_mask_patches/LC08_L1TP_025033_20200921_20200921_01_RT_p00479.tiff
/home/mary-camila/Downloads/flaresat-full/dataset/fire_patches/LC08_L1TP_117016_20200926_20200926_01_RT_p00148.tiff,/home/mary-camila/Downloads/flaresat-full/dataset/fire_mask_patches/LC08_L1TP_117016_20200926_20200926_01_RT_p00148.tiff
/home/mary-camila/Downloads/flaresat-full/dataset/fire_patches/LC08_L1TP_025033_20200921_20200921_01_RT_p00179.tiff,/home/mary-camila/Downloads/flaresat-full/dataset/fire_mask_patches/LC08_L1TP_025033_20200921_20200921_01_RT_p00179.tiff
/home/mary-camila/Downloads/flaresat-full/dataset/fire_patches/LC08_L1TP_025033_20200921_20200921_01_RT_p00458.tiff,/home/mary-camila/Downloads/flaresat-full/dataset/fire_mask_patches/LC08_L1TP_025033_20200921_20200921_01_RT_p00458.tiff
/home/mary-camila/Downloads/flaresat-full/dataset/fire_patches/LC08_L1TP_046031_20200908_20200908_01_RT_p00879.tiff,/home/mary-camila/Downloads/flaresat-full/dataset/fire_mask_patches/LC08_L1TP_046031_20200908_20200908_01_RT_p00879.tiff
/home/mary-camila/Downloads/flaresat-full/dataset/fire_patches/LC08_L1TP_025033_20200921_20200921_01_RT_p00486.tiff,/home/mary-camila/Downloads/flaresat-full/dataset/fire_mask_patches/LC08_L1TP_025033_20200921_20200921_01_RT_p00486.tiff
/home/mary-camila/Downloads/flaresat-full/dataset/fire_patches/LC08_L1TP_025033_20200921_20200921_01_RT_p00742.tiff,/home/mary-camila/Downloads/flaresat-full/dataset/fire_mask_patches/LC08_L1TP_025033_20200921_20200921_01_RT_p00742.tiff
/home/mary-camila/Downloads/flaresat-full/dataset/fire_patches/LC08_L1TP_189046_20200918_20200918_01_RT_p00360.tiff,/home/mary-camila/Downloads/flaresat-full/dataset/fire_mask_patches/LC08_L1TP_189046_20200918_20200918_01_RT_p00360.tiff
/home/mary-camila/Downloads/flaresat-full/dataset/fire_patches/LC08_L1TP_189046_20200918_20200918_01_RT_p00731.tiff,/home/mary-camila/Downloads/flaresat-full/dataset/fire_mask_patches/LC08_L1TP_189046_20200918_20200918_01_RT_p00731.tiff
/home/mary-camila/Downloads/flaresat-full/dataset/fire_patches/LC08_L1TP_025033_20200921_20200921_01_RT_p00602.tiff,/home/mary-camila/Downloads/flaresat-full/dataset/fire_mask_patches/LC08_L1TP_025033_20200921_20200921_01_RT_p00602.tiff
/home/mary-camila/Downloads/flaresat-full/dataset/fire_patches/LC08_L1TP_046031_20200908_20200908_01_RT_p00432.tiff,/home/mary-camila/Downloads/flaresat-full/dataset/fire_mask_patches/LC08_L1TP_046031_20200908_20200908_01_RT_p00432.tiff
/home/mary-camila/Downloads/flaresat-full/dataset/fire_patches/LC08_L1TP_003006_20200911_20200911_01_RT_p00954.tiff,/home/mary-camila/Downloads/flaresat-full/dataset/fire_mask_patches/LC08_L1TP_003006_20200911_20200911_01_RT_p00954.tiff
/home/mary-camila/Downloads/flaresat-full/dataset/fire_patches/LC08_L1TP_117016_20200926_20200926_01_RT_p00147.tiff,/home/mary-camila/Downloads/flaresat-full/dataset/fire_mask_patches/LC08_L1TP_117016_20200926_20200926_01_RT_p00147.tiff
/home/mary-camila/Downloads/flaresat-full/dataset/fire_patches/LC08_L1TP_134039_20200901_20200901_01_RT_p00707.tiff,/home/mary-camila/Downloads/flaresat-full/dataset/fire_mask_patches/LC08_L1TP_134039_20200901_20200901_01_RT_p00707.tiff
/home/mary-camila/Downloads/flaresat-full/dataset/fire_patches/LC08_L1TP_134039_20200901_20200901_01_RT_p00532.tiff,/home/mary-camila/Downloads/flaresat-full/dataset/fire_mask_patches/LC08_L1TP_134039_20200901_20200901_01_RT_p00532.tiff
/home/mary-camila/Downloads/flaresat-full/dataset/fire_patches/LC08_L1TP_189046_20200918_20200918_01_RT_p00736.tiff,/home/mary-camila/Downloads/flaresat-full/dataset/fire_mask_patches/LC08_L1TP_189046_20200918_20200918_01_RT_p00736.tiff
/home/mary-camila/Downloads/flaresat-full/dataset/fire_patches/LC08_L1TP_025033_20200921_20200921_01_RT_p00614.tiff,/home/mary-camila/Downloads/flaresat-full/dataset/fire_mask_patches/LC08_L1TP_025033_20200921_20200921_01_RT_p00614.tiff
/home/mary-camila/Downloads/flaresat-full/dataset/fire_patches/LC08_L1TP_189046_20200918_20200918_01_RT_p00329.tiff,/home/mary-camila/Downloads/flaresat-full/dataset/fire_mask_patches/LC08_L1TP_189046_20200918_20200918_01_RT_p00329.tiff
/home/mary-camila/Downloads/flaresat-full/dataset/fire_patches/LC08_L1TP_025033_20200921_20200921_01_RT_p00053.tiff,/home/mary-camila/Downloads/flaresat-full/dataset/fire_mask_patches/LC08_L1TP_025033_20200921_20200921_01_RT_p00053.tiff
/home/mary-camila/Downloads/flaresat-full/dataset/fire_patches/LC08_L1TP_046031_20200908_20200908_01_RT_p00603.tiff,/home/mary-camila/Downloads/flaresat-full/dataset/fire_mask_patches/LC08_L1TP_046031_20200908_20200908_01_RT_p00603.tiff
/home/mary-camila/Downloads/flaresat-full/dataset/fire_patches/LC08_L1TP_046031_20200908_20200908_01_RT_p00846.tiff,/home/mary-camila/Downloads/flaresat-full/dataset/fire_mask_patches/LC08_L1TP_046031_20200908_20200908_01_RT_p00846.tiff
/home/mary-camila/Downloads/flaresat-full/dataset/fire_patches/LC08_L1TP_189046_20200918_20200918_01_RT_p00516.tiff,/home/mary-camila/Downloads/flaresat-full/dataset/fire_mask_patches/LC08_L1TP_189046_20200918_20200918_01_RT_p00516.tiff
/home/mary-camila/Downloads/flaresat-full/dataset/fire_patches/LC08_L1TP_003006_20200911_20200911_01_RT_p00879.tiff,/home/mary-camila/Downloads/flaresat-full/dataset/fire_mask_patches/LC08_L1TP_003006_20200911_20200911_01_RT_p00879.tiff
/home/mary-camila/Downloads/flaresat-full/dataset/fire_patches/LC08_L1TP_025033_20200921_20200921_01_RT_p00108.tiff,/home/mary-camila/Downloads/flaresat-full/dataset/fire_mask_patches/LC08_L1TP_025033_20200921_20200921_01_RT_p00108.tiff
/home/mary-camila/Downloads/flaresat-full/dataset/fire_patches/LC08_L1TP_175074_20200916_20200916_01_RT_p00077.tiff,/home/mary-camila/Downloads/flaresat-full/dataset/fire_mask_patches/LC08_L1TP_175074_20200916_20200916_01_RT_p00077.tiff
/home/mary-camila/Downloads/flaresat-full/dataset/fire_patches/LC08_L1TP_175074_20200916_20200916_01_RT_p00108.tiff,/home/mary-camila/Downloads/flaresat-full/dataset/fire_mask_patches/LC08_L1TP_175074_20200916_20200916_01_RT_p00108.tiff
/home/mary-camila/Downloads/flaresat-full/dataset/fire_patches/LC08_L1TP_117016_20200926_20200926_01_RT_p00213.tiff,/home/mary-camila/Downloads/flaresat-full/dataset/fire_mask_patches/LC08_L1TP_117016_20200926_20200926_01_RT_p00213.tiff
/home/mary-camila/Downloads/flaresat-full/dataset/fire_patches/LC08_L1TP_189046_20200918_20200918_01_RT_p00486.tiff,/home/mary-camila/Downloads/flaresat-full/dataset/fire_mask_patches/LC08_L1TP_189046_20200918_20200918_01_RT_p00486.tiff
/home/mary-camila/Downloads/flaresat-full/dataset/fire_patches/LC08_L1TP_025033_20200921_20200921_01_RT_p00167.tiff,/home/mary-camila/Downloads/flaresat-full/dataset/fire_mask_patches/LC08_L1TP_025033_20200921_20200921_01_RT_p00167.tiff
/home/mary-camila/Downloads/flaresat-full/dataset/fire_patches/LC08_L1TP_189046_20200918_20200918_01_RT_p00482.tiff,/home/mary-camila/Downloads/flaresat-full/dataset/fire_mask_patches/LC08_L1TP_189046_20200918_20200918_01_RT_p00482.tiff
/home/mary-camila/Downloads/flaresat-full/dataset/fire_patches/LC08_L1TP_003006_20200911_20200911_01_RT_p00984.tiff,/home/mary-camila/Downloads/flaresat-full/dataset/fire_mask_patches/LC08_L1TP_003006_20200911_20200911_01_RT_p00984.tiff
/home/mary-camila/Downloads/flaresat-full/dataset/fire_patches/LC08_L1TP_003006_20200911_20200911_01_RT_p00952.tiff,/home/mary-camila/Downloads/flaresat-full/dataset/fire_mask_patches/LC08_L1TP_003006_20200911_20200911_01_RT_p00952.tiff
/home/mary-camila/Downloads/flaresat-full/dataset/fire_patches/LC08_L1TP_003006_20200911_20200911_01_RT_p00911.tiff,/home/mary-camila/Downloads/flaresat-full/dataset/fire_mask_patches/LC08_L1TP_003006_20200911_20200911_01_RT_p00911.tiff
/home/mary-camila/Downloads/flaresat-full/dataset/fire_patches/LC08_L1TP_134039_20200901_20200901_01_RT_p00297.tiff,/home/mary-camila/Downloads/flaresat-full/dataset/fire_mask_patches/LC08_L1TP_134039_20200901_20200901_01_RT_p00297.tiff
/home/mary-camila/Downloads/flaresat-full/dataset/fire_patches/LC08_L1TP_003006_20200911_20200911_01_RT_p00950.tiff,/home/mary-camila/Downloads/flaresat-full/dataset/fire_mask_patches/LC08_L1TP_003006_20200911_20200911_01_RT_p00950.tiff
/home/mary-camila/Downloads/flaresat-full/dataset/fire_patches/LC08_L1TP_175074_20200916_20200916_01_RT_p00138.tiff,/home/mary-camila/Downloads/flaresat-full/dataset/fire_mask_patches/LC08_L1TP_175074_20200916_20200916_01_RT_p00138.tiff
/home/mary-camila/Downloads/flaresat-full/dataset/fire_patches/LC08_L1TP_189046_20200918_20200918_01_RT_p00426.tiff,/home/mary-camila/Downloads/flaresat-full/dataset/fire_mask_patches/LC08_L1TP_189046_20200918_20200918_01_RT_p00426.tiff
/home/mary-camila/Downloads/flaresat-full/dataset/fire_patches/LC08_L1TP_025033_20200921_20200921_01_RT_p00743.tiff,/home/mary-camila/Downloads/flaresat-full/dataset/fire_mask_patches/LC08_L1TP_025033_20200921_20200921_01_RT_p00743.tiff
/home/mary-camila/Downloads/flaresat-full/dataset/fire_patches/LC08_L1TP_117016_20200926_20200926_01_RT_p00144.tiff,/home/mary-camila/Downloads/flaresat-full/dataset/fire_mask_patches/LC08_L1TP_117016_20200926_20200926_01_RT_p00144.tiff
/home/mary-camila/Downloads/flaresat-full/dataset/fire_patches/LC08_L1TP_134039_20200901_20200901_01_RT_p00594.tiff,/home/mary-camila/Downloads/flaresat-full/dataset/fire_mask_patches/LC08_L1TP_134039_20200901_20200901_01_RT_p00594.tiff
/home/mary-camila/Downloads/flaresat-full/dataset/fire_patches/LC08_L1TP_117016_20200926_20200926_01_RT_p00113.tiff,/home/mary-camila/Downloads/flaresat-full/dataset/fire_mask_patches/LC08_L1TP_117016_20200926_20200926_01_RT_p00113.tiff
/home/mary-camila/Downloads/flaresat-full/dataset/fire_patches/LC08_L1TP_025033_20200921_20200921_01_RT_p00546.tiff,/home/mary-camila/Downloads/flaresat-full/dataset/fire_mask_patches/LC08_L1TP_025033_20200921_20200921_01_RT_p00546.tiff
/home/mary-camila/Downloads/flaresat-full/dataset/fire_patches/LC08_L1TP_189046_20200918_20200918_01_RT_p00236.tiff,/home/mary-camila/Downloads/flaresat-full/dataset/fire_mask_patches/LC08_L1TP_189046_20200918_20200918_01_RT_p00236.tiff
/home/mary-camila/Downloads/flaresat-full/dataset/fire_patches/LC08_L1TP_046031_20200908_20200908_01_RT_p00812.tiff,/home/mary-camila/Downloads/flaresat-full/dataset/fire_mask_patches/LC08_L1TP_046031_20200908_20200908_01_RT_p00812.tiff
/home/mary-camila/Downloads/flaresat-full/dataset/fire_patches/LC08_L1TP_003006_20200911_20200911_01_RT_p00840.tiff,/home/mary-camila/Downloads/flaresat-full/dataset/fire_mask_patches/LC08_L1TP_003006_20200911_20200911_01_RT_p00840.tiff
/home/mary-camila/Downloads/flaresat-full/dataset/fire_patches/LC08_L1TP_189046_20200918_20200918_01_RT_p00874.tiff,/home/mary-camila/Downloads/flaresat-full/dataset/fire_mask_patches/LC08_L1TP_189046_20200918_20200918_01_RT_p00874.tiff
/home/mary-camila/Downloads/flaresat-full/dataset/fire_patches/LC08_L1TP_003006_20200911_20200911_01_RT_p00945.tiff,/home/mary-camila/Downloads/flaresat-full/dataset/fire_mask_patches/LC08_L1TP_003006_20200911_20200911_01_RT_p00945.tiff
/home/mary-camila/Downloads/flaresat-full/dataset/fire_patches/LC08_L1TP_189046_20200918_20200918_01_RT_p00358.tiff,/home/mary-camila/Downloads/flaresat-full/dataset/fire_mask_patches/LC08_L1TP_189046_20200918_20200918_01_RT_p00358.tiff
/home/mary-camila/Downloads/flaresat-full/dataset/fire_patches/LC08_L1TP_025033_20200921_20200921_01_RT_p00470.tiff,/home/mary-camila/Downloads/flaresat-full/dataset/fire_mask_patches/LC08_L1TP_025033_20200921_20200921_01_RT_p00470.tiff
/home/mary-camila/Downloads/flaresat-full/dataset/fire_patches/LC08_L1TP_003006_20200911_20200911_01_RT_p01056.tiff,/home/mary-camila/Downloads/flaresat-full/dataset/fire_mask_patches/LC08_L1TP_003006_20200911_20200911_01_RT_p01056.tiff
/home/mary-camila/Downloads/flaresat-full/dataset/fire_patches/LC08_L1TP_025033_20200921_20200921_01_RT_p00636.tiff,/home/mary-camila/Downloads/flaresat-full/dataset/fire_mask_patches/LC08_L1TP_025033_20200921_20200921_01_RT_p00636.tiff
/home/mary-camila/Downloads/flaresat-full/dataset/fire_patches/LC08_L1TP_189046_20200918_20200918_01_RT_p00677.tiff,/home/mary-camila/Downloads/flaresat-full/dataset/fire_mask_patches/LC08_L1TP_189046_20200918_20200918_01_RT_p00677.tiff
/home/mary-camila/Downloads/flaresat-full/dataset/fire_patches/LC08_L1TP_046031_20200908_20200908_01_RT_p00824.tiff,/home/mary-camila/Downloads/flaresat-full/dataset/fire_mask_patches/LC08_L1TP_046031_20200908_20200908_01_RT_p00824.tiff
/home/mary-camila/Downloads/flaresat-full/dataset/fire_patches/LC08_L1TP_025033_20200921_20200921_01_RT_p00617.tiff,/home/mary-camila/Downloads/flaresat-full/dataset/fire_mask_patches/LC08_L1TP_025033_20200921_20200921_01_RT_p00617.tiff
/home/mary-camila/Downloads/flaresat-full/dataset/fire_patches/LC08_L1TP_025033_20200921_20200921_01_RT_p00813.tiff,/home/mary-camila/Downloads/flaresat-full/dataset/fire_mask_patches/LC08_L1TP_025033_20200921_20200921_01_RT_p00813.tiff
/home/mary-camila/Downloads/flaresat-full/dataset/fire_patches/LC08_L1TP_046031_20200908_20200908_01_RT_p00645.tiff,/home/mary-camila/Downloads/flaresat-full/dataset/fire_mask_patches/LC08_L1TP_046031_20200908_20200908_01_RT_p00645.tiff
/home/mary-camila/Downloads/flaresat-full/dataset/fire_patches/LC08_L1TP_175074_20200916_20200916_01_RT_p00795.tiff,/home/mary-camila/Downloads/flaresat-full/dataset/fire_mask_patches/LC08_L1TP_175074_20200916_20200916_01_RT_p00795.tiff
/home/mary-camila/Downloads/flaresat-full/dataset/fire_patches/LC08_L1TP_134039_20200901_20200901_01_RT_p00431.tiff,/home/mary-camila/Downloads/flaresat-full/dataset/fire_mask_patches/LC08_L1TP_134039_20200901_20200901_01_RT_p00431.tiff
/home/mary-camila/Downloads/flaresat-full/dataset/fire_patches/LC08_L1TP_177044_20200914_20200914_01_RT_p00362.tiff,/home/mary-camila/Downloads/flaresat-full/dataset/fire_mask_patches/LC08_L1TP_177044_20200914_20200914_01_RT_p00362.tiff
/home/mary-camila/Downloads/flaresat-full/dataset/fire_patches/LC08_L1TP_189046_20200918_20200918_01_RT_p00391.tiff,/home/mary-camila/Downloads/flaresat-full/dataset/fire_mask_patches/LC08_L1TP_189046_20200918_20200918_01_RT_p00391.tiff
/home/mary-camila/Downloads/flaresat-full/dataset/fire_patches/LC08_L1TP_175074_20200916_20200916_01_RT_p00109.tiff,/home/mary-camila/Downloads/flaresat-full/dataset/fire_mask_patches/LC08_L1TP_175074_20200916_20200916_01_RT_p00109.tiff
/home/mary-camila/Downloads/flaresat-full/dataset/fire_patches/LC08_L1TP_134039_20200901_20200901_01_RT_p00712.tiff,/home/mary-camila/Downloads/flaresat-full/dataset/fire_mask_patches/LC08_L1TP_134039_20200901_20200901_01_RT_p00712.tiff
/home/mary-camila/Downloads/flaresat-full/dataset/fire_patches/LC08_L1TP_025033_20200921_20200921_01_RT_p00849.tiff,/home/mary-camila/Downloads/flaresat-full/dataset/fire_mask_patches/LC08_L1TP_025033_20200921_20200921_01_RT_p00849.tiff
/home/mary-camila/Downloads/flaresat-full/dataset/fire_patches/LC08_L1TP_117016_20200926_20200926_01_RT_p00181.tiff,/home/mary-camila/Downloads/flaresat-full/dataset/fire_mask_patches/LC08_L1TP_117016_20200926_20200926_01_RT_p00181.tiff
/home/mary-camila/Downloads/flaresat-full/dataset/fire_patches/LC08_L1TP_046031_20200908_20200908_01_RT_p00646.tiff,/home/mary-camila/Downloads/flaresat-full/dataset/fire_mask_patches/LC08_L1TP_046031_20200908_20200908_01_RT_p00646.tiff
/home/mary-camila/Downloads/flaresat-full/dataset/fire_patches/LC08_L1TP_046031_20200908_20200908_01_RT_p00647.tiff,/home/mary-camila/Downloads/flaresat-full/dataset/fire_mask_patches/LC08_L1TP_046031_20200908_20200908_01_RT_p00647.tiff
/home/mary-camila/Downloads/flaresat-full/dataset/fire_patches/LC08_L1TP_025033_20200921_20200921_01_RT_p00596.tiff,/home/mary-camila/Downloads/flaresat-full/dataset/fire_mask_patches/LC08_L1TP_025033_20200921_20200921_01_RT_p00596.tiff
/home/mary-camila/Downloads/flaresat-full/dataset/fire_patches/LC08_L1TP_046031_20200908_20200908_01_RT_p00644.tiff,/home/mary-camila/Downloads/flaresat-full/dataset/fire_mask_patches/LC08_L1TP_046031_20200908_20200908_01_RT_p00644.tiff
/home/mary-camila/Downloads/flaresat-full/dataset/fire_patches/LC08_L1TP_003006_20200911_20200911_01_RT_p01022.tiff,/home/mary-camila/Downloads/flaresat-full/dataset/fire_mask_patches/LC08_L1TP_003006_20200911_20200911_01_RT_p01022.tiff
/home/mary-camila/Downloads/flaresat-full/dataset/fire_patches/LC08_L1TP_025033_20200921_20200921_01_RT_p00177.tiff,/home/mary-camila/Downloads/flaresat-full/dataset/fire_mask_patches/LC08_L1TP_025033_20200921_20200921_01_RT_p00177.tiff
/home/mary-camila/Downloads/flaresat-full/dataset/fire_patches/LC08_L1TP_025033_20200921_20200921_01_RT_p00522.tiff,/home/mary-camila/Downloads/flaresat-full/dataset/fire_mask_patches/LC08_L1TP_025033_20200921_20200921_01_RT_p00522.tiff
/home/mary-camila/Downloads/flaresat-full/dataset/fire_patches/LC08_L1TP_025033_20200921_20200921_01_RT_p00772.tiff,/home/mary-camila/Downloads/flaresat-full/dataset/fire_mask_patches/LC08_L1TP_025033_20200921_20200921_01_RT_p00772.tiff
/home/mary-camila/Downloads/flaresat-full/dataset/fire_patches/LC08_L1TP_025033_20200921_20200921_01_RT_p00711.tiff,/home/mary-camila/Downloads/flaresat-full/dataset/fire_mask_patches/LC08_L1TP_025033_20200921_20200921_01_RT_p00711.tiff
/home/mary-camila/Downloads/flaresat-full/dataset/fire_patches/LC08_L1TP_003006_20200911_20200911_01_RT_p00802.tiff,/home/mary-camila/Downloads/flaresat-full/dataset/fire_mask_patches/LC08_L1TP_003006_20200911_20200911_01_RT_p00802.tiff
/home/mary-camila/Downloads/flaresat-full/dataset/fire_patches/LC08_L1TP_025033_20200921_20200921_01_RT_p00754.tiff,/home/mary-camila/Downloads/flaresat-full/dataset/fire_mask_patches/LC08_L1TP_025033_20200921_20200921_01_RT_p00754.tiff
/home/mary-camila/Downloads/flaresat-full/dataset/fire_patches/LC08_L1TP_134039_20200901_20200901_01_RT_p00249.tiff,/home/mary-camila/Downloads/flaresat-full/dataset/fire_mask_patches/LC08_L1TP_134039_20200901_20200901_01_RT_p00249.tiff
/home/mary-camila/Downloads/flaresat-full/dataset/fire_patches/LC08_L1TP_025033_20200921_20200921_01_RT_p00759.tiff,/home/mary-camila/Downloads/flaresat-full/dataset/fire_mask_patches/LC08_L1TP_025033_20200921_20200921_01_RT_p00759.tiff
/home/mary-camila/Downloads/flaresat-full/dataset/fire_patches/LC08_L1TP_003006_20200911_20200911_01_RT_p01058.tiff,/home/mary-camila/Downloads/flaresat-full/dataset/fire_mask_patches/LC08_L1TP_003006_20200911_20200911_01_RT_p01058.tiff
/home/mary-camila/Downloads/flaresat-full/dataset/fire_patches/LC08_L1TP_025033_20200921_20200921_01_RT_p00880.tiff,/home/mary-camila/Downloads/flaresat-full/dataset/fire_mask_patches/LC08_L1TP_025033_20200921_20200921_01_RT_p00880.tiff
/home/mary-camila/Downloads/flaresat-full/dataset/fire_patches/LC08_L1TP_025033_20200921_20200921_01_RT_p00812.tiff,/home/mary-camila/Downloads/flaresat-full/dataset/fire_mask_patches/LC08_L1TP_025033_20200921_20200921_01_RT_p00812.tiff
/home/mary-camila/Downloads/flaresat-full/dataset/fire_patches/LC08_L1TP_189046_20200918_20200918_01_RT_p00636.tiff,/home/mary-camila/Downloads/flaresat-full/dataset/fire_mask_patches/LC08_L1TP_189046_20200918_20200918_01_RT_p00636.tiff
/home/mary-camila/Downloads/flaresat-full/dataset/fire_patches/LC08_L1TP_189046_20200918_20200918_01_RT_p00481.tiff,/home/mary-camila/Downloads/flaresat-full/dataset/fire_mask_patches/LC08_L1TP_189046_20200918_20200918_01_RT_p00481.tiff
/home/mary-camila/Downloads/flaresat-full/dataset/fire_patches/LC08_L1TP_003006_20200911_20200911_01_RT_p00803.tiff,/home/mary-camila/Downloads/flaresat-full/dataset/fire_mask_patches/LC08_L1TP_003006_20200911_20200911_01_RT_p00803.tiff
/home/mary-camila/Downloads/flaresat-full/dataset/fire_patches/LC08_L1TP_025033_20200921_20200921_01_RT_p00052.tiff,/home/mary-camila/Downloads/flaresat-full/dataset/fire_mask_patches/LC08_L1TP_025033_20200921_20200921_01_RT_p00052.tiff
/home/mary-camila/Downloads/flaresat-full/dataset/fire_patches/LC08_L1TP_025033_20200921_20200921_01_RT_p00488.tiff,/home/mary-camila/Downloads/flaresat-full/dataset/fire_mask_patches/LC08_L1TP_025033_20200921_20200921_01_RT_p00488.tiff
/home/mary-camila/Downloads/flaresat-full/dataset/fire_patches/LC08_L1TP_025033_20200921_20200921_01_RT_p00610.tiff,/home/mary-camila/Downloads/flaresat-full/dataset/fire_mask_patches/LC08_L1TP_025033_20200921_20200921_01_RT_p00610.tiff
/home/mary-camila/Downloads/flaresat-full/dataset/fire_patches/LC08_L1TP_046031_20200908_20200908_01_RT_p00625.tiff,/home/mary-camila/Downloads/flaresat-full/dataset/fire_mask_patches/LC08_L1TP_046031_20200908_20200908_01_RT_p00625.tiff
/home/mary-camila/Downloads/flaresat-full/dataset/fire_patches/LC08_L1TP_189046_20200918_20200918_01_RT_p00456.tiff,/home/mary-camila/Downloads/flaresat-full/dataset/fire_mask_patches/LC08_L1TP_189046_20200918_20200918_01_RT_p00456.tiff
/home/mary-camila/Downloads/flaresat-full/dataset/fire_patches/LC08_L1TP_025033_20200921_20200921_01_RT_p00481.tiff,/home/mary-camila/Downloads/flaresat-full/dataset/fire_mask_patches/LC08_L1TP_025033_20200921_20200921_01_RT_p00481.tiff
/home/mary-camila/Downloads/flaresat-full/dataset/fire_patches/LC08_L1TP_189046_20200918_20200918_01_RT_p00548.tiff,/home/mary-camila/Downloads/flaresat-full/dataset/fire_mask_patches/LC08_L1TP_189046_20200918_20200918_01_RT_p00548.tiff
/home/mary-camila/Downloads/flaresat-full/dataset/fire_patches/LC08_L1TP_003006_20200911_20200911_01_RT_p00987.tiff,/home/mary-camila/Downloads/flaresat-full/dataset/fire_mask_patches/LC08_L1TP_003006_20200911_20200911_01_RT_p00987.tiff
/home/mary-camila/Downloads/flaresat-full/dataset/fire_patches/LC08_L1TP_025033_20200921_20200921_01_RT_p00024.tiff,/home/mary-camila/Downloads/flaresat-full/dataset/fire_mask_patches/LC08_L1TP_025033_20200921_20200921_01_RT_p00024.tiff
/home/mary-camila/Downloads/flaresat-full/dataset/fire_patches/LC08_L1TP_025033_20200921_20200921_01_RT_p00586.tiff,/home/mary-camila/Downloads/flaresat-full/dataset/fire_mask_patches/LC08_L1TP_025033_20200921_20200921_01_RT_p00586.tiff
/home/mary-camila/Downloads/flaresat-full/dataset/fire_patches/LC08_L1TP_025033_20200921_20200921_01_RT_p00632.tiff,/home/mary-camila/Downloads/flaresat-full/dataset/fire_mask_patches/LC08_L1TP_025033_20200921_20200921_01_RT_p00632.tiff
/home/mary-camila/Downloads/flaresat-full/dataset/fire_patches/LC08_L1TP_046031_20200908_20200908_01_RT_p00634.tiff,/home/mary-camila/Downloads/flaresat-full/dataset/fire_mask_patches/LC08_L1TP_046031_20200908_20200908_01_RT_p00634.tiff
/home/mary-camila/Downloads/flaresat-full/dataset/fire_patches/LC08_L1TP_117016_20200926_20200926_01_RT_p00115.tiff,/home/mary-camila/Downloads/flaresat-full/dataset/fire_mask_patches/LC08_L1TP_117016_20200926_20200926_01_RT_p00115.tiff
/home/mary-camila/Downloads/flaresat-full/dataset/fire_patches/LC08_L1TP_003006_20200911_20200911_01_RT_p01021.tiff,/home/mary-camila/Downloads/flaresat-full/dataset/fire_mask_patches/LC08_L1TP_003006_20200911_20200911_01_RT_p01021.tiff
/home/mary-camila/Downloads/flaresat-full/dataset/fire_patches/LC08_L1TP_189046_20200918_20200918_01_RT_p00905.tiff,/home/mary-camila/Downloads/flaresat-full/dataset/fire_mask_patches/LC08_L1TP_189046_20200918_20200918_01_RT_p00905.tiff
/home/mary-camila/Downloads/flaresat-full/dataset/fire_patches/LC08_L1TP_117016_20200926_20200926_01_RT_p00838.tiff,/home/mary-camila/Downloads/flaresat-full/dataset/fire_mask_patches/LC08_L1TP_117016_20200926_20200926_01_RT_p00838.tiff
/home/mary-camila/Downloads/flaresat-full/dataset/fire_patches/LC08_L1TP_189046_20200918_20200918_01_RT_p00517.tiff,/home/mary-camila/Downloads/flaresat-full/dataset/fire_mask_patches/LC08_L1TP_189046_20200918_20200918_01_RT_p00517.tiff
/home/mary-camila/Downloads/flaresat-full/dataset/fire_patches/LC08_L1TP_189046_20200918_20200918_01_RT_p00875.tiff,/home/mary-camila/Downloads/flaresat-full/dataset/fire_mask_patches/LC08_L1TP_189046_20200918_20200918_01_RT_p00875.tiff
/home/mary-camila/Downloads/flaresat-full/dataset/fire_patches/LC08_L1TP_003006_20200911_20200911_01_RT_p00989.tiff,/home/mary-camila/Downloads/flaresat-full/dataset/fire_mask_patches/LC08_L1TP_003006_20200911_20200911_01_RT_p00989.tiff
/home/mary-camila/Downloads/flaresat-full/dataset/fire_patches/LC08_L1TP_003006_20200911_20200911_01_RT_p00874.tiff,/home/mary-camila/Downloads/flaresat-full/dataset/fire_mask_patches/LC08_L1TP_003006_20200911_20200911_01_RT_p00874.tiff
/home/mary-camila/Downloads/flaresat-full/dataset/fire_patches/LC08_L1TP_025033_20200921_20200921_01_RT_p00304.tiff,/home/mary-camila/Downloads/flaresat-full/dataset/fire_mask_patches/LC08_L1TP_025033_20200921_20200921_01_RT_p00304.tiff
/home/mary-camila/Downloads/flaresat-full/dataset/fire_patches/LC08_L1TP_025033_20200921_20200921_01_RT_p00426.tiff,/home/mary-camila/Downloads/flaresat-full/dataset/fire_mask_patches/LC08_L1TP_025033_20200921_20200921_01_RT_p00426.tiff
/home/mary-camila/Downloads/flaresat-full/dataset/fire_patches/LC08_L1TP_003006_20200911_20200911_01_RT_p01023.tiff,/home/mary-camila/Downloads/flaresat-full/dataset/fire_mask_patches/LC08_L1TP_003006_20200911_20200911_01_RT_p01023.tiff
/home/mary-camila/Downloads/flaresat-full/dataset/fire_patches/LC08_L1TP_046031_20200908_20200908_01_RT_p00815.tiff,/home/mary-camila/Downloads/flaresat-full/dataset/fire_mask_patches/LC08_L1TP_046031_20200908_20200908_01_RT_p00815.tiff
/home/mary-camila/Downloads/flaresat-full/dataset/fire_patches/LC08_L1TP_025033_20200921_20200921_01_RT_p00723.tiff,/home/mary-camila/Downloads/flaresat-full/dataset/fire_mask_patches/LC08_L1TP_025033_20200921_20200921_01_RT_p00723.tiff
/home/mary-camila/Downloads/flaresat-full/dataset/fire_patches/LC08_L1TP_025033_20200921_20200921_01_RT_p00368.tiff,/home/mary-camila/Downloads/flaresat-full/dataset/fire_mask_patches/LC08_L1TP_025033_20200921_20200921_01_RT_p00368.tiff
/home/mary-camila/Downloads/flaresat-full/dataset/fire_patches/LC08_L1TP_025033_20200921_20200921_01_RT_p00143.tiff,/home/mary-camila/Downloads/flaresat-full/dataset/fire_mask_patches/LC08_L1TP_025033_20200921_20200921_01_RT_p00143.tiff
/home/mary-camila/Downloads/flaresat-full/dataset/fire_patches/LC08_L1TP_189046_20200918_20200918_01_RT_p00421.tiff,/home/mary-camila/Downloads/flaresat-full/dataset/fire_mask_patches/LC08_L1TP_189046_20200918_20200918_01_RT_p00421.tiff
/home/mary-camila/Downloads/flaresat-full/dataset/fire_patches/LC08_L1TP_003006_20200911_20200911_01_RT_p00916.tiff,/home/mary-camila/Downloads/flaresat-full/dataset/fire_mask_patches/LC08_L1TP_003006_20200911_20200911_01_RT_p00916.tiff
/home/mary-camila/Downloads/flaresat-full/dataset/fire_patches/LC08_L1TP_046031_20200908_20200908_01_RT_p00783.tiff,/home/mary-camila/Downloads/flaresat-full/dataset/fire_mask_patches/LC08_L1TP_046031_20200908_20200908_01_RT_p00783.tiff
/home/mary-camila/Downloads/flaresat-full/dataset/fire_patches/LC08_L1TP_134039_20200901_20200901_01_RT_p00515.tiff,/home/mary-camila/Downloads/flaresat-full/dataset/fire_mask_patches/LC08_L1TP_134039_20200901_20200901_01_RT_p00515.tiff
/home/mary-camila/Downloads/flaresat-full/dataset/fire_patches/LC08_L1TP_134039_20200901_20200901_01_RT_p00463.tiff,/home/mary-camila/Downloads/flaresat-full/dataset/fire_mask_patches/LC08_L1TP_134039_20200901_20200901_01_RT_p00463.tiff
/home/mary-camila/Downloads/flaresat-full/dataset/fire_patches/LC08_L1TP_003006_20200911_20200911_01_RT_p01060.tiff,/home/mary-camila/Downloads/flaresat-full/dataset/fire_mask_patches/LC08_L1TP_003006_20200911_20200911_01_RT_p01060.tiff
/home/mary-camila/Downloads/flaresat-full/dataset/fire_patches/LC08_L1TP_046031_20200908_20200908_01_RT_p00688.tiff,/home/mary-camila/Downloads/flaresat-full/dataset/fire_mask_patches/LC08_L1TP_046031_20200908_20200908_01_RT_p00688.tiff
/home/mary-camila/Downloads/flaresat-full/dataset/fire_patches/LC08_L1TP_189046_20200918_20200918_01_RT_p00848.tiff,/home/mary-camila/Downloads/flaresat-full/dataset/fire_mask_patches/LC08_L1TP_189046_20200918_20200918_01_RT_p00848.tiff
/home/mary-camila/Downloads/flaresat-full/dataset/fire_patches/LC08_L1TP_134039_20200901_20200901_01_RT_p00658.tiff,/home/mary-camila/Downloads/flaresat-full/dataset/fire_mask_patches/LC08_L1TP_134039_20200901_20200901_01_RT_p00658.tiff
/home/mary-camila/Downloads/flaresat-full/dataset/fire_patches/LC08_L1TP_025033_20200921_20200921_01_RT_p00734.tiff,/home/mary-camila/Downloads/flaresat-full/dataset/fire_mask_patches/LC08_L1TP_025033_20200921_20200921_01_RT_p00734.tiff
/home/mary-camila/Downloads/flaresat-full/dataset/fire_patches/LC08_L1TP_117016_20200926_20200926_01_RT_p00318.tiff,/home/mary-camila/Downloads/flaresat-full/dataset/fire_mask_patches/LC08_L1TP_117016_20200926_20200926_01_RT_p00318.tiff
/home/mary-camila/Downloads/flaresat-full/dataset/fire_patches/LC08_L1TP_025033_20200921_20200921_01_RT_p00397.tiff,/home/mary-camila/Downloads/flaresat-full/dataset/fire_mask_patches/LC08_L1TP_025033_20200921_20200921_01_RT_p00397.tiff
/home/mary-camila/Downloads/flaresat-full/dataset/fire_patches/LC08_L1TP_025033_20200921_20200921_01_RT_p00574.tiff,/home/mary-camila/Downloads/flaresat-full/dataset/fire_mask_patches/LC08_L1TP_025033_20200921_20200921_01_RT_p00574.tiff
/home/mary-camila/Downloads/flaresat-full/dataset/fire_patches/LC08_L1TP_025033_20200921_20200921_01_RT_p00642.tiff,/home/mary-camila/Downloads/flaresat-full/dataset/fire_mask_patches/LC08_L1TP_025033_20200921_20200921_01_RT_p00642.tiff
/home/mary-camila/Downloads/flaresat-full/dataset/fire_patches/LC08_L1TP_025033_20200921_20200921_01_RT_p00111.tiff,/home/mary-camila/Downloads/flaresat-full/dataset/fire_mask_patches/LC08_L1TP_025033_20200921_20200921_01_RT_p00111.tiff
/home/mary-camila/Downloads/flaresat-full/dataset/fire_patches/LC08_L1TP_003006_20200911_20200911_01_RT_p00953.tiff,/home/mary-camila/Downloads/flaresat-full/dataset/fire_mask_patches/LC08_L1TP_003006_20200911_20200911_01_RT_p00953.tiff
/home/mary-camila/Downloads/flaresat-full/dataset/fire_patches/LC08_L1TP_189046_20200918_20200918_01_RT_p00513.tiff,/home/mary-camila/Downloads/flaresat-full/dataset/fire_mask_patches/LC08_L1TP_189046_20200918_20200918_01_RT_p00513.tiff
/home/mary-camila/Downloads/flaresat-full/dataset/fire_patches/LC08_L1TP_003006_20200911_20200911_01_RT_p01059.tiff,/home/mary-camila/Downloads/flaresat-full/dataset/fire_mask_patches/LC08_L1TP_003006_20200911_20200911_01_RT_p01059.tiff
/home/mary-camila/Downloads/flaresat-full/dataset/fire_patches/LC08_L1TP_025033_20200921_20200921_01_RT_p00234.tiff,/home/mary-camila/Downloads/flaresat-full/dataset/fire_mask_patches/LC08_L1TP_025033_20200921_20200921_01_RT_p00234.tiff
/home/mary-camila/Downloads/flaresat-full/dataset/fire_patches/LC08_L1TP_046031_20200908_20200908_01_RT_p00635.tiff,/home/mary-camila/Downloads/flaresat-full/dataset/fire_mask_patches/LC08_L1TP_046031_20200908_20200908_01_RT_p00635.tiff
/home/mary-camila/Downloads/flaresat-full/dataset/fire_patches/LC08_L1TP_003006_20200911_20200911_01_RT_p00946.tiff,/home/mary-camila/Downloads/flaresat-full/dataset/fire_mask_patches/LC08_L1TP_003006_20200911_20200911_01_RT_p00946.tiff
/home/mary-camila/Downloads/flaresat-full/dataset/fire_patches/LC08_L1TP_117016_20200926_20200926_01_RT_p00539.tiff,/home/mary-camila/Downloads/flaresat-full/dataset/fire_mask_patches/LC08_L1TP_117016_20200926_20200926_01_RT_p00539.tiff
/home/mary-camila/Downloads/flaresat-full/dataset/fire_patches/LC08_L1TP_025033_20200921_20200921_01_RT_p00113.tiff,/home/mary-camila/Downloads/flaresat-full/dataset/fire_mask_patches/LC08_L1TP_025033_20200921_20200921_01_RT_p00113.tiff
/home/mary-camila/Downloads/flaresat-full/dataset/fire_patches/LC08_L1TP_117016_20200926_20200926_01_RT_p00317.tiff,/home/mary-camila/Downloads/flaresat-full/dataset/fire_mask_patches/LC08_L1TP_117016_20200926_20200926_01_RT_p00317.tiff
/home/mary-camila/Downloads/flaresat-full/dataset/fire_patches/LC08_L1TP_189046_20200918_20200918_01_RT_p00906.tiff,/home/mary-camila/Downloads/flaresat-full/dataset/fire_mask_patches/LC08_L1TP_189046_20200918_20200918_01_RT_p00906.tiff
/home/mary-camila/Downloads/flaresat-full/dataset/fire_patches/LC08_L1TP_046031_20200908_20200908_01_RT_p00583.tiff,/home/mary-camila/Downloads/flaresat-full/dataset/fire_mask_patches/LC08_L1TP_046031_20200908_20200908_01_RT_p00583.tiff
/home/mary-camila/Downloads/flaresat-full/dataset/fire_patches/LC08_L1TP_189046_20200918_20200918_01_RT_p00479.tiff,/home/mary-camila/Downloads/flaresat-full/dataset/fire_mask_patches/LC08_L1TP_189046_20200918_20200918_01_RT_p00479.tiff
/home/mary-camila/Downloads/flaresat-full/dataset/fire_patches/LC08_L1TP_189046_20200918_20200918_01_RT_p00423.tiff,/home/mary-camila/Downloads/flaresat-full/dataset/fire_mask_patches/LC08_L1TP_189046_20200918_20200918_01_RT_p00423.tiff
/home/mary-camila/Downloads/flaresat-full/dataset/fire_patches/LC08_L1TP_003006_20200911_20200911_01_RT_p00912.tiff,/home/mary-camila/Downloads/flaresat-full/dataset/fire_mask_patches/LC08_L1TP_003006_20200911_20200911_01_RT_p00912.tiff
/home/mary-camila/Downloads/flaresat-full/dataset/fire_patches/LC08_L1TP_025033_20200921_20200921_01_RT_p00678.tiff,/home/mary-camila/Downloads/flaresat-full/dataset/fire_mask_patches/LC08_L1TP_025033_20200921_20200921_01_RT_p00678.tiff
/home/mary-camila/Downloads/flaresat-full/dataset/fire_patches/LC08_L1TP_189046_20200918_20200918_01_RT_p00359.tiff,/home/mary-camila/Downloads/flaresat-full/dataset/fire_mask_patches/LC08_L1TP_189046_20200918_20200918_01_RT_p00359.tiff
/home/mary-camila/Downloads/flaresat-full/dataset/fire_patches/LC08_L1TP_134039_20200901_20200901_01_RT_p00493.tiff,/home/mary-camila/Downloads/flaresat-full/dataset/fire_mask_patches/LC08_L1TP_134039_20200901_20200901_01_RT_p00493.tiff
/home/mary-camila/Downloads/flaresat-full/dataset/fire_patches/LC08_L1TP_025033_20200921_20200921_01_RT_p00681.tiff,/home/mary-camila/Downloads/flaresat-full/dataset/fire_mask_patches/LC08_L1TP_025033_20200921_20200921_01_RT_p00681.tiff
/home/mary-camila/Downloads/flaresat-full/dataset/fire_patches/LC08_L1TP_189046_20200918_20200918_01_RT_p00730.tiff,/home/mary-camila/Downloads/flaresat-full/dataset/fire_mask_patches/LC08_L1TP_189046_20200918_20200918_01_RT_p00730.tiff
/home/mary-camila/Downloads/flaresat-full/dataset/fire_patches/LC08_L1TP_025033_20200921_20200921_01_RT_p00768.tiff,/home/mary-camila/Downloads/flaresat-full/dataset/fire_mask_patches/LC08_L1TP_025033_20200921_20200921_01_RT_p00768.tiff
/home/mary-camila/Downloads/flaresat-full/dataset/fire_patches/LC08_L1TP_025033_20200921_20200921_01_RT_p00601.tiff,/home/mary-camila/Downloads/flaresat-full/dataset/fire_mask_patches/LC08_L1TP_025033_20200921_20200921_01_RT_p00601.tiff
/home/mary-camila/Downloads/flaresat-full/dataset/fire_patches/LC08_L1TP_117016_20200926_20200926_01_RT_p00805.tiff,/home/mary-camila/Downloads/flaresat-full/dataset/fire_mask_patches/LC08_L1TP_117016_20200926_20200926_01_RT_p00805.tiff
/home/mary-camila/Downloads/flaresat-full/dataset/fire_patches/LC08_L1TP_025033_20200921_20200921_01_RT_p00264.tiff,/home/mary-camila/Downloads/flaresat-full/dataset/fire_mask_patches/LC08_L1TP_025033_20200921_20200921_01_RT_p00264.tiff
/home/mary-camila/Downloads/flaresat-full/dataset/fire_patches/LC08_L1TP_134039_20200901_20200901_01_RT_p00313.tiff,/home/mary-camila/Downloads/flaresat-full/dataset/fire_mask_patches/LC08_L1TP_134039_20200901_20200901_01_RT_p00313.tiff
/home/mary-camila/Downloads/flaresat-full/dataset/fire_patches/LC08_L1TP_025033_20200921_20200921_01_RT_p00445.tiff,/home/mary-camila/Downloads/flaresat-full/dataset/fire_mask_patches/LC08_L1TP_025033_20200921_20200921_01_RT_p00445.tiff
/home/mary-camila/Downloads/flaresat-full/dataset/fire_patches/LC08_L1TP_025033_20200921_20200921_01_RT_p00492.tiff,/home/mary-camila/Downloads/flaresat-full/dataset/fire_mask_patches/LC08_L1TP_025033_20200921_20200921_01_RT_p00492.tiff
/home/mary-camila/Downloads/flaresat-full/dataset/fire_patches/LC08_L1TP_134039_20200901_20200901_01_RT_p00374.tiff,/home/mary-camila/Downloads/flaresat-full/dataset/fire_mask_patches/LC08_L1TP_134039_20200901_20200901_01_RT_p00374.tiff
/home/mary-camila/Downloads/flaresat-full/dataset/fire_patches/LC08_L1TP_003006_20200911_20200911_01_RT_p01095.tiff,/home/mary-camila/Downloads/flaresat-full/dataset/fire_mask_patches/LC08_L1TP_003006_20200911_20200911_01_RT_p01095.tiff
/home/mary-camila/Downloads/flaresat-full/dataset/fire_patches/LC08_L1TP_025033_20200921_20200921_01_RT_p00208.tiff,/home/mary-camila/Downloads/flaresat-full/dataset/fire_mask_patches/LC08_L1TP_025033_20200921_20200921_01_RT_p00208.tiff
/home/mary-camila/Downloads/flaresat-full/dataset/fire_patches/LC08_L1TP_175074_20200916_20200916_01_RT_p00139.tiff,/home/mary-camila/Downloads/flaresat-full/dataset/fire_mask_patches/LC08_L1TP_175074_20200916_20200916_01_RT_p00139.tiff
/home/mary-camila/Downloads/flaresat-full/dataset/fire_patches/LC08_L1TP_046031_20200908_20200908_01_RT_p00615.tiff,/home/mary-camila/Downloads/flaresat-full/dataset/fire_mask_patches/LC08_L1TP_046031_20200908_20200908_01_RT_p00615.tiff
/home/mary-camila/Downloads/flaresat-full/dataset/fire_patches/LC08_L1TP_025033_20200921_20200921_01_RT_p00517.tiff,/home/mary-camila/Downloads/flaresat-full/dataset/fire_mask_patches/LC08_L1TP_025033_20200921_20200921_01_RT_p00517.tiff
/home/mary-camila/Downloads/flaresat-full/dataset/fire_patches/LC08_L1TP_134039_20200901_20200901_01_RT_p00438.tiff,/home/mary-camila/Downloads/flaresat-full/dataset/fire_mask_patches/LC08_L1TP_134039_20200901_20200901_01_RT_p00438.tiff
/home/mary-camila/Downloads/flaresat-full/dataset/fire_patches/LC08_L1TP_189046_20200918_20200918_01_RT_p00550.tiff,/home/mary-camila/Downloads/flaresat-full/dataset/fire_mask_patches/LC08_L1TP_189046_20200918_20200918_01_RT_p00550.tiff
/home/mary-camila/Downloads/flaresat-full/dataset/fire_patches/LC08_L1TP_025033_20200921_20200921_01_RT_p00168.tiff,/home/mary-camila/Downloads/flaresat-full/dataset/fire_mask_patches/LC08_L1TP_025033_20200921_20200921_01_RT_p00168.tiff
/home/mary-camila/Downloads/flaresat-full/dataset/fire_patches/LC08_L1TP_025033_20200921_20200921_01_RT_p00474.tiff,/home/mary-camila/Downloads/flaresat-full/dataset/fire_mask_patches/LC08_L1TP_025033_20200921_20200921_01_RT_p00474.tiff
/home/mary-camila/Downloads/flaresat-full/dataset/fire_patches/LC08_L1TP_025033_20200921_20200921_01_RT_p00771.tiff,/home/mary-camila/Downloads/flaresat-full/dataset/fire_mask_patches/LC08_L1TP_025033_20200921_20200921_01_RT_p00771.tiff
/home/mary-camila/Downloads/flaresat-full/dataset/fire_patches/LC08_L1TP_189046_20200918_20200918_01_RT_p00361.tiff,/home/mary-camila/Downloads/flaresat-full/dataset/fire_mask_patches/LC08_L1TP_189046_20200918_20200918_01_RT_p00361.tiff
/home/mary-camila/Downloads/flaresat-full/dataset/fire_patches/LC08_L1TP_025033_20200921_20200921_01_RT_p00706.tiff,/home/mary-camila/Downloads/flaresat-full/dataset/fire_mask_patches/LC08_L1TP_025033_20200921_20200921_01_RT_p00706.tiff
/home/mary-camila/Downloads/flaresat-full/dataset/fire_patches/LC08_L1TP_177044_20200914_20200914_01_RT_p00363.tiff,/home/mary-camila/Downloads/flaresat-full/dataset/fire_mask_patches/LC08_L1TP_177044_20200914_20200914_01_RT_p00363.tiff
/home/mary-camila/Downloads/flaresat-full/dataset/fire_patches/LC08_L1TP_025033_20200921_20200921_01_RT_p00451.tiff,/home/mary-camila/Downloads/flaresat-full/dataset/fire_mask_patches/LC08_L1TP_025033_20200921_20200921_01_RT_p00451.tiff
/home/mary-camila/Downloads/flaresat-full/dataset/fire_patches/LC08_L1TP_003006_20200911_20200911_01_RT_p01092.tiff,/home/mary-camila/Downloads/flaresat-full/dataset/fire_mask_patches/LC08_L1TP_003006_20200911_20200911_01_RT_p01092.tiff
/home/mary-camila/Downloads/flaresat-full/dataset/fire_patches/LC08_L1GT_226074_20200921_20200921_01_RT_p00811.tiff,/home/mary-camila/Downloads/flaresat-full/dataset/fire_mask_patches/LC08_L1GT_226074_20200921_20200921_01_RT_p00811.tiff
/home/mary-camila/Downloads/flaresat-full/dataset/fire_patches/LC08_L1TP_025033_20200921_20200921_01_RT_p00275.tiff,/home/mary-camila/Downloads/flaresat-full/dataset/fire_mask_patches/LC08_L1TP_025033_20200921_20200921_01_RT_p00275.tiff
/home/mary-camila/Downloads/flaresat-full/dataset/fire_patches/LC08_L1TP_046031_20200908_20200908_01_RT_p00750.tiff,/home/mary-camila/Downloads/flaresat-full/dataset/fire_mask_patches/LC08_L1TP_046031_20200908_20200908_01_RT_p00750.tiff
/home/mary-camila/Downloads/flaresat-full/dataset/fire_patches/LC08_L1TP_003006_20200911_20200911_01_RT_p01057.tiff,/home/mary-camila/Downloads/flaresat-full/dataset/fire_mask_patches/LC08_L1TP_003006_20200911_20200911_01_RT_p01057.tiff
/home/mary-camila/Downloads/flaresat-full/dataset/fire_patches/LC08_L1TP_003006_20200911_20200911_01_RT_p00988.tiff,/home/mary-camila/Downloads/flaresat-full/dataset/fire_mask_patches/LC08_L1TP_003006_20200911_20200911_01_RT_p00988.tiff
/home/mary-camila/Downloads/flaresat-full/dataset/fire_patches/LC08_L1TP_189046_20200918_20200918_01_RT_p00549.tiff,/home/mary-camila/Downloads/flaresat-full/dataset/fire_mask_patches/LC08_L1TP_189046_20200918_20200918_01_RT_p00549.tiff
/home/mary-camila/Downloads/flaresat-full/dataset/fire_patches/LC08_L1TP_189046_20200918_20200918_01_RT_p00573.tiff,/home/mary-camila/Downloads/flaresat-full/dataset/fire_mask_patches/LC08_L1TP_189046_20200918_20200918_01_RT_p00573.tiff
/home/mary-camila/Downloads/flaresat-full/dataset/fire_patches/LC08_L1TP_189046_20200918_20200918_01_RT_p00420.tiff,/home/mary-camila/Downloads/flaresat-full/dataset/fire_mask_patches/LC08_L1TP_189046_20200918_20200918_01_RT_p00420.tiff
/home/mary-camila/Downloads/flaresat-full/dataset/fire_patches/LC08_L1TP_189046_20200918_20200918_01_RT_p00544.tiff,/home/mary-camila/Downloads/flaresat-full/dataset/fire_mask_patches/LC08_L1TP_189046_20200918_20200918_01_RT_p00544.tiff
/home/mary-camila/Downloads/flaresat-full/dataset/fire_patches/LC08_L1GT_226074_20200921_20200921_01_RT_p00812.tiff,/home/mary-camila/Downloads/flaresat-full/dataset/fire_mask_patches/LC08_L1GT_226074_20200921_20200921_01_RT_p00812.tiff
/home/mary-camila/Downloads/flaresat-full/dataset/fire_patches/LC08_L1TP_025033_20200921_20200921_01_RT_p00520.tiff,/home/mary-camila/Downloads/flaresat-full/dataset/fire_mask_patches/LC08_L1TP_025033_20200921_20200921_01_RT_p00520.tiff
/home/mary-camila/Downloads/flaresat-full/dataset/fire_patches/LC08_L1TP_189046_20200918_20200918_01_RT_p00879.tiff,/home/mary-camila/Downloads/flaresat-full/dataset/fire_mask_patches/LC08_L1TP_189046_20200918_20200918_01_RT_p00879.tiff
/home/mary-camila/Downloads/flaresat-full/dataset/fire_patches/LC08_L1TP_189046_20200918_20200918_01_RT_p00451.tiff,/home/mary-camila/Downloads/flaresat-full/dataset/fire_mask_patches/LC08_L1TP_189046_20200918_20200918_01_RT_p00451.tiff
/home/mary-camila/Downloads/flaresat-full/dataset/fire_patches/LC08_L1TP_175074_20200916_20200916_01_RT_p00673.tiff,/home/mary-camila/Downloads/flaresat-full/dataset/fire_mask_patches/LC08_L1TP_175074_20200916_20200916_01_RT_p00673.tiff
/home/mary-camila/Downloads/flaresat-full/dataset/fire_patches/LC08_L1TP_025033_20200921_20200921_01_RT_p00305.tiff,/home/mary-camila/Downloads/flaresat-full/dataset/fire_mask_patches/LC08_L1TP_025033_20200921_20200921_01_RT_p00305.tiff
/home/mary-camila/Downloads/flaresat-full/dataset/fire_patches/LC08_L1TP_189046_20200918_20200918_01_RT_p00387.tiff,/home/mary-camila/Downloads/flaresat-full/dataset/fire_mask_patches/LC08_L1TP_189046_20200918_20200918_01_RT_p00387.tiff
/home/mary-camila/Downloads/flaresat-full/dataset/fire_patches/LC08_L1TP_046031_20200908_20200908_01_RT_p00813.tiff,/home/mary-camila/Downloads/flaresat-full/dataset/fire_mask_patches/LC08_L1TP_046031_20200908_20200908_01_RT_p00813.tiff
/home/mary-camila/Downloads/flaresat-full/dataset/fire_patches/LC08_L1TP_025033_20200921_20200921_01_RT_p00541.tiff,/home/mary-camila/Downloads/flaresat-full/dataset/fire_mask_patches/LC08_L1TP_025033_20200921_20200921_01_RT_p00541.tiff
/home/mary-camila/Downloads/flaresat-full/dataset/fire_patches/LC08_L1TP_189046_20200918_20200918_01_RT_p00389.tiff,/home/mary-camila/Downloads/flaresat-full/dataset/fire_mask_patches/LC08_L1TP_189046_20200918_20200918_01_RT_p00389.tiff
/home/mary-camila/Downloads/flaresat-full/dataset/fire_patches/LC08_L1TP_189046_20200918_20200918_01_RT_p00580.tiff,/home/mary-camila/Downloads/flaresat-full/dataset/fire_mask_patches/LC08_L1TP_189046_20200918_20200918_01_RT_p00580.tiff
/home/mary-camila/Downloads/flaresat-full/dataset/fire_patches/LC08_L1TP_189046_20200918_20200918_01_RT_p00388.tiff,/home/mary-camila/Downloads/flaresat-full/dataset/fire_mask_patches/LC08_L1TP_189046_20200918_20200918_01_RT_p00388.tiff
/home/mary-camila/Downloads/flaresat-full/dataset/fire_patches/LC08_L1TP_189046_20200918_20200918_01_RT_p00609.tiff,/home/mary-camila/Downloads/flaresat-full/dataset/fire_mask_patches/LC08_L1TP_189046_20200918_20200918_01_RT_p00609.tiff
/home/mary-camila/Downloads/flaresat-full/dataset/fire_patches/LC08_L1TP_046031_20200908_20200908_01_RT_p00613.tiff,/home/mary-camila/Downloads/flaresat-full/dataset/fire_mask_patches/LC08_L1TP_046031_20200908_20200908_01_RT_p00613.tiff
/home/mary-camila/Downloads/flaresat-full/dataset/fire_patches/LC08_L1TP_134039_20200901_20200901_01_RT_p00637.tiff,/home/mary-camila/Downloads/flaresat-full/dataset/fire_mask_patches/LC08_L1TP_134039_20200901_20200901_01_RT_p00637.tiff
/home/mary-camila/Downloads/flaresat-full/dataset/fire_patches/LC08_L1TP_134039_20200901_20200901_01_RT_p00237.tiff,/home/mary-camila/Downloads/flaresat-full/dataset/fire_mask_patches/LC08_L1TP_134039_20200901_20200901_01_RT_p00237.tiff
/home/mary-camila/Downloads/flaresat-full/dataset/fire_patches/LC08_L1TP_046031_20200908_20200908_01_RT_p00691.tiff,/home/mary-camila/Downloads/flaresat-full/dataset/fire_mask_patches/LC08_L1TP_046031_20200908_20200908_01_RT_p00691.tiff
/home/mary-camila/Downloads/flaresat-full/dataset/fire_patches/LC08_L1TP_025033_20200921_20200921_01_RT_p00508.tiff,/home/mary-camila/Downloads/flaresat-full/dataset/fire_mask_patches/LC08_L1TP_025033_20200921_20200921_01_RT_p00508.tiff
/home/mary-camila/Downloads/flaresat-full/dataset/fire_patches/LC08_L1TP_025033_20200921_20200921_01_RT_p00475.tiff,/home/mary-camila/Downloads/flaresat-full/dataset/fire_mask_patches/LC08_L1TP_025033_20200921_20200921_01_RT_p00475.tiff
